[
  {
      "STT": 1,
      "address": "Thanh Hóa",
      "number": 1,
      "deaths": 0,
      "recovered": 0,
      "danger":0.9,
      "Lat": 19.775846,
      "Lng": 105.771580
  },
  {
      "STT": 2,
      "address": "Hà Nội",
      "number": 2,
      "deaths": 0,
      "recovered": 0,
      "danger":0.7,
      "Lat": 21.131498, 
      "Lng": 105.774478
  },
  {
      "STT": 3,
      "address": "Hồ Chí Minh",
      "number": 2,
      "deaths": 0,
      "danger":0.5,
      "recovered": 2,
      "Lat": 10.757011, 
      "Lng": 106.660031
  },
  {
    "STT": 4,
    "address": "Khánh Hòa",
    "number": 1,
    "deaths": 0,
    "danger":0.5,
    "recovered": 0,
    "Lat": 19.775846, 
    "Lng": 105.771580
  },
  {
    "STT": 5,
    "address": "Bến Tre",
    "number": 1,
    "deaths": 0,
    "danger":0.5,
    "recovered": 0,
    "Lat": 10.238675, 
    "Lng": 106.366778
  }
  
]
